{"cameraMode":{"drawMode":0,"name":"Shaded","section":"Shading Mode"},"sceneLighting":true,"audioPlay":false,"sceneViewState":{"m_AlwaysRefresh":false,"showFog":true,"showSkybox":true,"showFlares":true,"showImageEffects":true,"showParticleSystems":true,"showVisualEffectGraphs":true,"m_FxEnabled":true},"in2DMode":false,"pivot":{"x":-12.555002212524414,"y":117.66691589355469,"z":-56.307125091552737},"rotation":{"x":0.4597811698913574,"y":-0.10189567506313324,"z":0.05319942906498909,"w":0.8805750012397766},"size":10.993456840515137,"orthographic":false}